run_index,algorithm,instance,r_type,run_timestamp,seed,episodes,n_points,alpha,gamma,epsilon,best_distance,best_episode,optimal_distance,Duration_sec,Emissions_kgCO2,CPU_Energy_kWh,RAM_Energy_kWh,Total_Energy_kWh,EmissionsRate_kgCO2_per_sec,carbon_intensity_kgCO2_per_kWh,cpu_measurement,tracking_mode
1,q,br17.atsp,R1,20261003T100616+0000,42,10000,17,0.75,0.15,0.01,66.0,7438,39,3.636779502018726,8.558548790656539e-06,1.6410391183916545e-05,1.3020150899804632e-05,2.9430542083721147e-05,2.3533317832180387e-06,0.29080500000000037,RAPL,machine
1,q,br17.atsp,R2,20261003T100616+0000,42,10000,17,0.75,0.15,0.01,39.0,38,39,3.5563527340009387,8.48835041139553e-06,1.6470255120495242e-05,1.2718893660975423e-05,2.9189148781470503e-05,2.3868134142717717e-06,0.29080500000000004,RAPL,machine
1,q,br17.atsp,R3,20261003T100616+0000,42,10000,17,0.75,0.15,0.01,39.0,38,39,3.6107892740519674,8.47366190072251e-06,1.6198654903307186e-05,1.293998404967674e-05,2.9138638952983904e-05,2.3467616793969003e-06,0.29080500000000087,RAPL,machine
2,q,br17.atsp,R1,20261003T100616+0000,42,10000,17,0.75,0.15,0.01,66.0,7438,39,3.623555025931637,8.499489818263648e-06,1.622059742097462e-05,1.300685677776224e-05,2.9227454198736872e-05,2.345621843034764e-06,0.29080499999999904,RAPL,machine
2,q,br17.atsp,R2,20261003T100616+0000,42,10000,17,0.75,0.15,0.01,39.0,38,39,3.545146859023589,8.544115179823434e-06,1.678214092596525e-05,1.2598767861103015e-05,2.9380908787068375e-05,2.410087795961341e-06,0.29080500000000054,RAPL,machine
2,q,br17.atsp,R3,20261003T100616+0000,42,10000,17,0.75,0.15,0.01,39.0,38,39,3.527838446010719,8.516219447456666e-06,1.6792280655864716e-05,1.2492702227705697e-05,2.9284982883570417e-05,2.4140049431931357e-06,0.290804999999999,RAPL,machine
3,q,br17.atsp,R1,20261003T100616+0000,42,10000,17,0.75,0.15,0.01,66.0,7438,39,3.5861291299988807,8.846529159117216e-06,1.76509407873969e-05,1.2769888149922651e-05,3.0420828937319482e-05,2.4668741248366528e-06,0.2908050000000008,RAPL,machine
3,q,br17.atsp,R2,20261003T100616+0000,42,10000,17,0.75,0.15,0.01,39.0,38,39,3.480121924071682,8.546285006052236e-06,1.716137511793489e-05,1.222699511659405e-05,2.938837023452899e-05,2.455742986169068e-06,0.29080500000000115,RAPL,machine
3,q,br17.atsp,R3,20261003T100616+0000,42,10000,17,0.75,0.15,0.01,39.0,38,39,3.6501393460303007,8.792869460682077e-06,1.7104335905692575e-05,1.3131971794251136e-05,3.0236307699943568e-05,2.4089133666211232e-06,0.2908049999999996,RAPL,machine
4,q,br17.atsp,R1,20261003T100616+0000,42,10000,17,0.75,0.15,0.01,66.0,7438,39,3.589736135964813,8.497717549760471e-06,1.6403456733919686e-05,1.2817903111201522e-05,2.92213598451212e-05,2.3672262327650277e-06,0.29080500000000004,RAPL,machine
4,q,br17.atsp,R2,20261003T100616+0000,42,10000,17,0.75,0.15,0.01,39.0,38,39,3.4352933749942167,8.46083937826834e-06,1.7131586483008082e-05,1.196295927194216e-05,2.9094545754950275e-05,2.4629161048821875e-06,0.29080500000000087,RAPL,machine
4,q,br17.atsp,R3,20261003T100616+0000,42,10000,17,0.75,0.15,0.01,39.0,38,39,3.4910506139431163,8.675460257888507e-06,1.7531299858333793e-05,1.2301269244289867e-05,2.9832569102623694e-05,2.4850571410334375e-06,0.2908050000000008,RAPL,machine
5,q,br17.atsp,R1,20261003T100616+0000,42,10000,17,0.75,0.15,0.01,66.0,7438,39,3.6038449510006103,8.504724599711242e-06,1.6411004517626754e-05,1.2834450683319836e-05,2.9245455200946532e-05,2.359903024504397e-06,0.2908049999999995,RAPL,machine
5,q,br17.atsp,R2,20261003T100616+0000,42,10000,17,0.75,0.15,0.01,39.0,38,39,3.4949495050068435,8.42395062340749e-06,1.6728139771320094e-05,1.223955550010744e-05,2.8967695271427463e-05,2.4103211251949102e-06,0.2908050000000009,RAPL,machine
5,q,br17.atsp,R3,20261003T100616+0000,42,10000,17,0.75,0.15,0.01,39.0,38,39,3.6492374369754543,8.738978474648385e-06,1.6929334099025084e-05,1.3121657027841132e-05,3.005099112686632e-05,2.39474099057018e-06,0.2908050000000008,RAPL,machine
6,q,br17.atsp,R1,20261003T100616+0000,42,10000,17,0.75,0.15,0.01,66.0,7438,39,3.647513813927617,8.72020667955728e-06,1.6883094339930488e-05,1.3103345644104724e-05,2.9986439984035148e-05,2.3907261560628395e-06,0.2908049999999979,RAPL,machine
6,q,br17.atsp,R2,20261003T100616+0000,42,10000,17,0.75,0.15,0.01,39.0,38,39,3.622426669999186,8.63180952215574e-06,1.6682102234495677e-05,1.30003637552768e-05,2.968246598977239e-05,2.382880402699133e-06,0.2908049999999993,RAPL,machine
6,q,br17.atsp,R3,20261003T100616+0000,42,10000,17,0.75,0.15,0.01,39.0,38,39,3.599673711973992,8.580135528737803e-06,1.664706665086696e-05,1.2857706405778384e-05,2.9504773056645446e-05,2.383587017955753e-06,0.2908050000000008,RAPL,machine
7,q,br17.atsp,R1,20261003T100616+0000,42,10000,17,0.75,0.15,0.01,66.0,7438,39,3.6024369800143177,8.911925737626692e-06,1.7801766741501468e-05,1.2843943399750249e-05,3.064571014125169e-05,2.473860274882941e-06,0.2908049999999998,RAPL,machine
7,q,br17.atsp,R2,20261003T100616+0000,42,10000,17,0.75,0.15,0.01,39.0,38,39,3.462252077915764,8.636611248538486e-06,1.7595101020888293e-05,1.2103876811468392e-05,2.9698977832356663e-05,2.4945067702111473e-06,0.2908050000000002,RAPL,machine
7,q,br17.atsp,R3,20261003T100616+0000,42,10000,17,0.75,0.15,0.01,39.0,38,39,3.6461960169890517,9.04024714801442e-06,1.795269658419474e-05,1.313427629458803e-05,3.108697287878275e-05,2.4793640017959476e-06,0.2908050000000001,RAPL,machine
8,q,br17.atsp,R1,20261003T100616+0000,42,10000,17,0.75,0.15,0.01,66.0,7438,39,3.587372830055756,9.084303885651868e-06,1.8478942561142575e-05,1.2759529561592183e-05,3.123847212273473e-05,2.5322999074815087e-06,0.29080499999999987,RAPL,machine
8,q,br17.atsp,R2,20261003T100616+0000,42,10000,17,0.75,0.15,0.01,39.0,38,39,3.590885195048031,9.084393280510447e-06,1.8409577783352893e-05,1.2829201744201149e-05,3.123877952755427e-05,2.5298478751251017e-06,0.29080500000000087,RAPL,machine
8,q,br17.atsp,R3,20261003T100616+0000,42,10000,17,0.75,0.15,0.01,39.0,38,39,3.5743398907325172,9.023497749279613e-06,1.828630935137715e-05,1.2743066860447391e-05,3.102937621182452e-05,2.5245214571438973e-06,0.2908049999999995,RAPL,machine
9,q,br17.atsp,R1,20261003T100616+0000,42,10000,17,0.75,0.15,0.01,66.0,7438,39,3.5133845919863234,8.846381058675616e-06,1.804646054869019e-05,1.2373859111135542e-05,3.0420319659825848e-05,2.517908537213182e-06,0.2908049999999987,RAPL,machine
9,q,br17.atsp,R2,20261003T100616+0000,42,10000,17,0.75,0.15,0.01,39.0,38,39,3.5177817899966612,8.795192607713913e-06,1.780428063259676e-05,1.2440015743716968e-05,3.0244296376313703e-05,2.500209829024745e-06,0.29080500000000026,RAPL,machine
9,q,br17.atsp,R3,20261003T100616+0000,42,10000,17,0.75,0.15,0.01,39.0,38,39,3.4518093790466082,8.901985373249503e-06,1.8510821752713846e-05,1.2100706155160894e-05,3.061152790787468e-05,2.578933074139869e-06,0.29080500000000026,RAPL,machine
10,q,br17.atsp,R1,20261003T100616+0000,42,10000,17,0.75,0.15,0.01,66.0,7438,39,3.5928715810696303,8.737111641965876e-06,1.7213472104031513e-05,1.2831099488499144e-05,3.0044571592530674e-05,2.4317906846436072e-06,0.29080499999999976,RAPL,machine
10,q,br17.atsp,R2,20261003T100616+0000,42,10000,17,0.75,0.15,0.01,39.0,38,39,3.630835846059199,8.814729206600036e-06,1.7292949389693946e-05,1.3018528083527387e-05,3.0311477473221173e-05,2.427741043750926e-06,0.2908049999999984,RAPL,machine
10,q,br17.atsp,R3,20261003T100616+0000,42,10000,17,0.75,0.15,0.01,39.0,38,39,3.487036078982783,8.87888052826791e-06,1.826093571938303e-05,1.2271140855187308e-05,3.053207657457028e-05,2.5462542764564693e-06,0.290805,RAPL,machine
11,q,br17.atsp,R1,20261003T100616+0000,42,10000,17,0.75,0.15,0.01,66.0,7438,39,3.6140460299211554,8.74236120705306e-06,1.712852759198913e-05,1.2934095839702684e-05,3.006262343169163e-05,2.4189955342776262e-06,0.29080499999999915,RAPL,machine
11,q,br17.atsp,R2,20261003T100616+0000,42,10000,17,0.75,0.15,0.01,39.0,38,39,3.5559101129274495,8.728917155961964e-06,1.7427583386693535e-05,1.2588809577533105e-05,3.0016392964226682e-05,2.4547631629461436e-06,0.2908050000000008,RAPL,machine
11,q,br17.atsp,R3,20261003T100616+0000,42,10000,17,0.75,0.15,0.01,39.0,38,39,3.6315557900179556,8.612276109891483e-06,1.6591648828834238e-05,1.3023647021964266e-05,2.9615295850798538e-05,2.3715114424412854e-06,0.2908050000000005,RAPL,machine
12,q,br17.atsp,R1,20261003T100616+0000,42,10000,17,0.75,0.15,0.01,66.0,7438,39,3.5961723519285442,8.686595628675276e-06,1.7030328901643244e-05,1.284053173925108e-05,2.987086064089435e-05,2.4155114879343462e-06,0.2908049999999998,RAPL,machine
12,q,br17.atsp,R2,20261003T100616+0000,42,10000,17,0.75,0.15,0.01,39.0,38,39,3.4390984229721653,8.693156053157023e-06,1.7889272366865272e-05,1.2004147805267438e-05,2.989342017213274e-05,2.527742734866004e-06,0.2908049999999987,RAPL,machine
12,q,br17.atsp,R3,20261003T100616+0000,42,10000,17,0.75,0.15,0.01,39.0,38,39,3.6315186348874704,8.79335401004718e-06,1.7154932612971352e-05,1.308304132161438e-05,3.0237973934585726e-05,2.4213985646585174e-06,0.29080499999999926,RAPL,machine
13,q,br17.atsp,R1,20261003T100616+0000,42,10000,17,0.75,0.15,0.01,66.0,7438,39,3.569027584964715,8.96127381237009e-06,1.8146785906454632e-05,1.2668618960621307e-05,3.08154048670761e-05,2.510844648587575e-06,0.2908050000000008,RAPL,machine
13,q,br17.atsp,R2,20261003T100616+0000,42,10000,17,0.75,0.15,0.01,39.0,38,39,3.6144170370553184,9.044607159927646e-06,1.815374480101939e-05,1.2948220983364276e-05,3.1101965784383584e-05,2.50236955702719e-06,0.29080499999999926,RAPL,machine
13,q,br17.atsp,R3,20261003T100616+0000,42,10000,17,0.75,0.15,0.01,39.0,38,39,3.5286911619059538,8.934129603907282e-06,1.8237936257346765e-05,1.2484126994341839e-05,3.072206325168862e-05,2.5318536516756786e-06,0.29080499999999915,RAPL,machine
14,q,br17.atsp,R1,20261003T100616+0000,42,10000,17,0.75,0.15,0.01,66.0,7438,39,3.567331560978346,8.812445372140365e-06,1.758806545943542e-05,1.2715558522753193e-05,3.03036239821885e-05,2.470318562069274e-06,0.29080500000000126,RAPL,machine
14,q,br17.atsp,R2,20261003T100616+0000,42,10000,17,0.75,0.15,0.01,39.0,38,39,3.5195901030783716,8.668314166530748e-06,1.733187803196895e-05,1.2476117588913487e-05,2.980799562088256e-05,2.462876048818611e-06,0.2908049999999998,RAPL,machine
14,q,br17.atsp,R3,20261003T100616+0000,42,10000,17,0.75,0.15,0.01,39.0,38,39,3.6302842520181002,8.826080172477205e-06,1.7270946873100546e-05,1.3079563511786991e-05,3.0350510384887334e-05,2.431236663512155e-06,0.2908050000000014,RAPL,machine
15,q,br17.atsp,R1,20261003T100616+0000,42,10000,17,0.75,0.15,0.01,66.0,7438,39,3.560590666003918,8.78284642345286e-06,1.756226182792614e-05,1.2639579348989291e-05,3.020184117691538e-05,2.4666824264048093e-06,0.2908049999999995,RAPL,machine
15,q,br17.atsp,R2,20261003T100616+0000,42,10000,17,0.75,0.15,0.01,39.0,38,39,3.6048441790590005,8.976983440655968e-06,1.791619516638282e-05,1.2953230877378204e-05,3.0869426043761047e-05,2.490255610160464e-06,0.2908050000000012,RAPL,machine
15,q,br17.atsp,R3,20261003T100616+0000,42,10000,17,0.75,0.15,0.01,39.0,38,39,3.661601776992029,9.070283732510305e-06,1.8008581073411523e-05,1.3181679522211947e-05,3.119026059562354e-05,2.477135495592166e-06,0.29080500000000004,RAPL,machine
16,q,br17.atsp,R1,20261003T100616+0000,42,10000,17,0.75,0.15,0.01,66.0,7438,39,3.513237520792245,8.812602817356497e-06,1.7957887977586295e-05,1.2346277416256423e-05,3.0304165393842905e-05,2.508399379546997e-06,0.29080500000000037,RAPL,machine
16,q,br17.atsp,R2,20261003T100616+0000,42,10000,17,0.75,0.15,0.01,39.0,38,39,3.4636468020289612,8.795183452597575e-06,1.813944673340756e-05,1.2104818160929008e-05,3.0244264894336633e-05,2.539284157797344e-06,0.2908050000000003,RAPL,machine
16,q,br17.atsp,R3,20261003T100616+0000,42,10000,17,0.75,0.15,0.01,39.0,38,39,3.5131568848864845,9.018565149214977e-06,1.8668847990635506e-05,1.2343566339293669e-05,3.1012414329928955e-05,2.5670829526607894e-06,0.2908049999999996,RAPL,machine
17,q,br17.atsp,R1,20261003T100616+0000,42,10000,17,0.75,0.15,0.01,66.0,7438,39,3.5854950450975593,9.02237890042798e-06,1.8253679325175298e-05,1.2771849467066604e-05,3.1025528792242004e-05,2.5163551439749614e-06,0.2908050000000014,RAPL,machine
17,q,br17.atsp,R2,20261003T100616+0000,42,10000,17,0.75,0.15,0.01,39.0,38,39,3.4501442930759367,8.88259929416029e-06,1.8538101219267578e-05,1.2006763188704421e-05,3.054486440797188e-05,2.5745587835229666e-06,0.29080500000000087,RAPL,machine
17,q,br17.atsp,R3,20261003T100616+0000,42,10000,17,0.75,0.15,0.01,39.0,38,39,3.5401916010087007,8.943316103053472e-06,1.8203720396438305e-05,1.2549932749324284e-05,3.0753653145762615e-05,2.5262237502922916e-06,0.2908049999999992,RAPL,machine
18,q,br17.atsp,R1,20261003T100616+0000,42,10000,17,0.75,0.15,0.01,66.0,7438,39,3.6576180199135706,8.929902380710623e-06,1.7567979332250294e-05,1.3139547638436663e-05,3.070752697068704e-05,2.4414529707838753e-06,0.2908049999999993,RAPL,machine
18,q,br17.atsp,R2,20261003T100616+0000,42,10000,17,0.75,0.15,0.01,39.0,38,39,3.5666276840511273,8.893872920175496e-06,1.7967168540591882e-05,1.2616462828110392e-05,3.0583631368702405e-05,2.493636484667628e-06,0.29080499999999976,RAPL,machine
18,q,br17.atsp,R3,20261003T100616+0000,42,10000,17,0.75,0.15,0.01,39.0,38,39,3.6073004569479963,8.782899726849009e-06,1.7341171095440477e-05,1.2860853377484738e-05,3.020202447292513e-05,2.4347569135618647e-06,0.29080500000000054,RAPL,machine
19,q,br17.atsp,R1,20261003T100616+0000,42,10000,17,0.75,0.15,0.01,66.0,7438,39,3.6230875570145145,8.750442533892192e-06,1.710128645879272e-05,1.2989126477340396e-05,3.0090412936133087e-05,2.4151893643726082e-06,0.2908050000000003,RAPL,machine
19,q,br17.atsp,R2,20261003T100616+0000,42,10000,17,0.75,0.15,0.01,39.0,38,39,3.610549360026198,8.655767899897584e-06,1.6830077908959462e-05,1.293477448318499e-05,2.9764852392144476e-05,2.397354816895448e-06,0.2908050000000003,RAPL,machine
19,q,br17.atsp,R3,20261003T100616+0000,42,10000,17,0.75,0.15,0.01,39.0,38,39,3.534273812932952,8.708816090527684e-06,1.7419676991217714e-05,1.252759382781131e-05,2.994727081902892e-05,2.464103391949869e-06,0.29080499999999926,RAPL,machine
20,q,br17.atsp,R1,20261003T100616+0000,42,10000,17,0.75,0.15,0.01,66.0,7438,39,3.5696359900175594,8.749146194884041e-06,1.7435425892761702e-05,1.2650529282988486e-05,3.0085955175750155e-05,2.4509911428926967e-06,0.2908050000000006,RAPL,machine
20,q,br17.atsp,R2,20261003T100616+0000,42,10000,17,0.75,0.15,0.01,39.0,38,39,3.4330260869592166,8.493556361093004e-06,1.7278008822160795e-05,1.192904181690308e-05,2.9207050639063912e-05,2.4740727701886248e-06,0.2908050000000008,RAPL,machine
20,q,br17.atsp,R3,20261003T100616+0000,42,10000,17,0.75,0.15,0.01,39.0,38,39,3.631903038945893,8.906201798177104e-06,1.755675876770335e-05,1.3069268288836645e-05,3.062602705653987e-05,2.452213537276039e-06,0.29080500000000087,RAPL,machine
