run_index,algorithm,instance,r_type,run_timestamp,seed,episodes,n_points,alpha,gamma,epsilon,best_distance,best_episode,optimal_distance,Duration_sec,Emissions_kgCO2,CPU_Energy_kWh,RAM_Energy_kWh,Total_Energy_kWh,EmissionsRate_kgCO2_per_sec,carbon_intensity_kgCO2_per_kWh,cpu_measurement,tracking_mode,Energy_until_Best_kWh,Energy_after_Best_kWh,Duration_until_Best_sec,Duration_after_Best_sec
1,q,eil51.tsp,R1,20261005T103654+0000,42,10000,51,0.75,0.15,0.01,476.0,5873,426,6.688114192191279,2.1597995809452784e-05,4.456265509437951e-05,2.970703012235579e-05,7.426968521673545e-05,3.2293102642699444e-06,0.2908050000000004,RAPL,machine,4.358070489105588e-05,3.068898032567957e-05,3.9148921814048663,2.7732220107864123
1,q,eil51.tsp,R2,20261005T103654+0000,42,10000,51,0.75,0.15,0.01,468.0,5351,426,6.6840472878247965,2.224669063697361e-05,4.676700658017008e-05,2.9733365273730443e-05,7.650037185390092e-05,3.3283263386685877e-06,0.29080499999999937,RAPL,machine,4.011817692693174e-05,3.638219492696918e-05,3.5841290072421543,3.099918280582642
1,q,eil51.tsp,R3,20261005T103654+0000,42,10000,51,0.75,0.15,0.01,468.0,5351,426,6.740553573647048,2.214336527135567e-05,4.6108248275403274e-05,3.0036815500514267e-05,7.614506377591749e-05,3.2850959538290218e-06,0.2908049999999998,RAPL,machine,4.038927323766431e-05,3.575579053825318e-05,3.608642690232955,3.1319108834140934
2,q,eil51.tsp,R1,20261005T103654+0000,43,10000,51,0.75,0.15,0.01,469.0,6441,426,6.7341143861413,1.5110545985173992e-05,2.1894562515632114e-05,3.0066531637405404e-05,5.1961094153037254e-05,2.2438802073619737e-06,0.29080499999999987,RAPL,machine,3.276935964018872e-05,1.9191734512848533e-05,4.329601084958995,2.4045133011823054
2,q,eil51.tsp,R2,20261005T103654+0000,43,10000,51,0.75,0.15,0.01,473.0,4850,426,6.680374909279635,1.46873442630418e-05,2.0729418250188753e-05,2.9776399266847934e-05,5.050581751703653e-05,2.1985808375275125e-06,0.29080499999999987,RAPL,machine,2.4729816197032236e-05,2.5776001320004292e-05,3.265720123745268,3.414654785534367
2,q,eil51.tsp,R3,20261005T103654+0000,43,10000,51,0.75,0.15,0.01,473.0,4850,426,6.6523453265836,1.551428487803149e-05,2.3687159505266517e-05,2.9662283860670776e-05,5.3349443365937646e-05,2.3321526644196414e-06,0.29080499999999987,RAPL,machine,2.6495240574458053e-05,2.6854202791479597e-05,3.227800918306457,3.424544408277143
3,q,eil51.tsp,R1,20261005T103654+0000,44,10000,51,0.75,0.15,0.01,491.0,7207,426,6.650334884296171,1.5586812683688705e-05,2.4017783936455123e-05,2.958106300114501e-05,5.359884693760003e-05,2.3437635780560115e-06,0.29080499999999865,RAPL,machine,3.982529140320837e-05,1.377355553439166e-05,4.786116144736297,1.864218739559874
3,q,eil51.tsp,R2,20261005T103654+0000,44,10000,51,0.75,0.15,0.01,468.0,5643,426,6.630058072594693,1.756129215932835e-05,3.08442118975771e-05,2.9544337678008738e-05,6.0388549575585824e-05,2.648738814508707e-06,0.29080500000000187,RAPL,machine,3.4976734521728656e-05,2.5411815053857168e-05,3.7522130498255137,2.877845022769179
3,q,eil51.tsp,R3,20261005T103654+0000,44,10000,51,0.75,0.15,0.01,468.0,5643,426,6.725346092454856,1.514094585963264e-05,2.2047932360553645e-05,3.001769876557067e-05,5.2065631126124476e-05,2.2513259022638576e-06,0.2908050000000002,RAPL,machine,2.895503785545865e-05,2.3110593270665827e-05,3.7909667677013204,2.934379324753536
4,q,eil51.tsp,R1,20261005T103654+0000,45,10000,51,0.75,0.15,0.01,480.0,4924,426,6.697802038863301,2.0358124632665676e-05,4.028094694696286e-05,2.9725155536369944e-05,7.000610248333289e-05,3.0395231920172872e-06,0.2908050000000008,RAPL,machine,3.491751468094732e-05,3.508858780238556e-05,3.3300242934492417,3.3677777454140596
4,q,eil51.tsp,R2,20261005T103654+0000,45,10000,51,0.75,0.15,0.01,467.0,760,426,6.686699109413894,2.1403810850077296e-05,4.3873690654470075e-05,2.9728244835213312e-05,7.360193548968337e-05,3.2009531907819602e-06,0.2908049999999989,RAPL,machine,5.707191047518111e-06,6.789474444216526e-05,0.5155705910874531,6.171128518326441
4,q,eil51.tsp,R3,20261005T103654+0000,45,10000,51,0.75,0.15,0.01,467.0,760,426,6.772113367595011,1.9101712367478376e-05,3.547216615549815e-05,3.0213473250559065e-05,6.568563940605738e-05,2.820642734494268e-06,0.29080499999999787,RAPL,machine,5.193715925001532e-06,6.0491923481055834e-05,0.5210016801138408,6.2511116874811705
5,q,eil51.tsp,R1,20261005T103654+0000,46,10000,51,0.75,0.15,0.01,487.0,4184,426,6.707869506877614,1.8338336260936745e-05,3.319432988880145e-05,2.9866264877232942e-05,6.306059476603449e-05,2.73385405636385e-06,0.29080500000000137,RAPL,machine,2.5023328361803538e-05,3.8037266404230946e-05,2.80314953418565,3.9047199726919644
5,q,eil51.tsp,R2,20261005T103654+0000,46,10000,51,0.75,0.15,0.01,475.0,3241,426,6.634945765457815,1.670416031771383e-05,2.7981162662678305e-05,2.945994157457291e-05,5.7441104237251176e-05,2.5176031437479635e-06,0.29080500000000004,RAPL,machine,2.0199959614454252e-05,3.7241144622796924e-05,2.1407974114699755,4.494148353987839
5,q,eil51.tsp,R3,20261005T103654+0000,46,10000,51,0.75,0.15,0.01,475.0,3241,426,6.613429138204083,1.8527268574579566e-05,3.439187834681796e-05,2.931840371359931e-05,6.371028206041707e-05,2.8014617209024423e-06,0.2908049999999997,RAPL,machine,2.1370375325106237e-05,4.2339906735310834e-05,2.15873784411815,4.454691294085933
6,q,eil51.tsp,R1,20261005T103654+0000,47,10000,51,0.75,0.15,0.01,512.0,4446,426,6.691744336596457,1.6446411105185797e-05,2.670830858884747e-05,2.9846465590364706e-05,5.655477417921208e-05,2.4577165949455175e-06,0.29080500000000054,RAPL,machine,2.5473965053362596e-05,3.1080809125849486e-05,2.971994777821237,3.71974955877522
6,q,eil51.tsp,R2,20261005T103654+0000,47,10000,51,0.75,0.15,0.01,468.0,150,426,6.658414869365515,1.8040177216364837e-05,3.236176727828763e-05,2.9673538910962312e-05,6.203530618925006e-05,2.70938017085197e-06,0.2908049999999996,RAPL,machine,1.2307576811022759e-06,6.080454850814778e-05,0.10268832792644389,6.555726541439071
6,q,eil51.tsp,R3,20261005T103654+0000,47,10000,51,0.75,0.15,0.01,472.0,162,426,6.721324249461759,1.5331093777408052e-05,2.266570452146878e-05,3.0053794033948207e-05,5.271949855541694e-05,2.280963275746704e-06,0.29080500000000054,RAPL,machine,1.0006669178034166e-06,5.1718831637613526e-05,0.11332555618719198,6.607998693274567
7,q,eil51.tsp,R1,20261005T103654+0000,48,10000,51,0.75,0.15,0.01,488.0,3195,426,6.650538875721395,1.6753195310854085e-05,2.8041109655123006e-05,2.956861270471964e-05,5.7609722359842715e-05,2.5190733599067697e-06,0.2908050000000004,RAPL,machine,2.114053049607364e-05,3.646919186376907e-05,2.1015549650182948,4.5489839107031
7,q,eil51.tsp,R2,20261005T103654+0000,48,10000,51,0.75,0.15,0.01,467.0,8950,426,6.65582349174656,1.587314696757454e-05,2.4888174077152686e-05,2.9695299272942948e-05,5.458347335009565e-05,2.3848509485351835e-06,0.29080499999999954,RAPL,machine,4.8474110185144825e-05,6.109363164950822e-06,5.957555638888152,0.6982678528584074
7,q,eil51.tsp,R3,20261005T103654+0000,48,10000,51,0.75,0.15,0.01,467.0,8950,426,6.733392562397057,1.5266617077611305e-05,2.2408104870827103e-05,3.008967569557063e-05,5.249778056639783e-05,2.267299423899393e-06,0.2908049999999997,RAPL,machine,4.6793301322854266e-05,5.7044792435435634e-06,6.025599495158531,0.7077930672385264
8,q,eil51.tsp,R1,20261005T103654+0000,49,10000,51,0.75,0.15,0.01,469.0,9242,426,6.7061289948178455,2.0631352416584775e-05,4.115104847634936e-05,2.9794610699334703e-05,7.094565917568403e-05,3.076492031770882e-06,0.29080499999999976,RAPL,machine,6.54296391129857e-05,5.516020062698321e-06,6.197377144533675,0.5087518502841704
8,q,eil51.tsp,R2,20261005T103654+0000,49,10000,51,0.75,0.15,0.01,470.0,5083,426,6.657141663192306,1.7806758890413874e-05,3.1590758328094506e-05,2.9641885162952107e-05,6.123264349104661e-05,2.674835506185545e-06,0.2908050000000011,RAPL,machine,3.1130472467007366e-05,3.010217102403924e-05,3.3862552268547006,3.270886436337605
8,q,eil51.tsp,R3,20261005T103654+0000,49,10000,51,0.75,0.15,0.01,470.0,5083,426,6.700930779596092,2.1093464870200324e-05,4.273977696955984e-05,2.9794962358169343e-05,7.253473932772948e-05,3.147841033432039e-06,0.2908049999999993,RAPL,machine,3.7061719794431845e-05,3.547301953329764e-05,3.4133599112101365,3.2875708683859557
9,q,eil51.tsp,R1,20261005T103654+0000,50,10000,51,0.75,0.15,0.01,474.0,5334,426,6.679209792026086,1.4439248005253854e-05,1.9836795036105165e-05,2.9815886332006563e-05,4.965268136811198e-05,2.1618198042666693e-06,0.290805000000001,RAPL,machine,2.620248892353035e-05,2.3450192444581633e-05,3.560956319211982,3.1182534728141036
9,q,eil51.tsp,R2,20261005T103654+0000,50,10000,51,0.75,0.15,0.01,464.0,7218,426,6.655027533037355,1.417120676614656e-05,1.9040479954528927e-05,2.969047985065524e-05,4.8730959805184084e-05,2.129398668269494e-06,0.29080500000000004,RAPL,machine,3.497657415923107e-05,1.3754385645953015e-05,4.803810997545952,1.8512165354914032
9,q,eil51.tsp,R3,20261005T103654+0000,50,10000,51,0.75,0.15,0.01,464.0,7218,426,6.6667562959191855,1.5627023169201957e-05,2.3979872795024115e-05,2.9757247162342466e-05,5.3737119957366635e-05,2.3440219614398497e-06,0.29080499999999915,RAPL,machine,3.7441172986545535e-05,1.62959469708211e-05,4.843663217034191,1.8230930788849946
10,q,eil51.tsp,R1,20261005T103654+0000,51,10000,51,0.75,0.15,0.01,476.0,2101,426,6.708477977226721,2.0709733044898146e-05,4.141185674057593e-05,2.9803332286084938e-05,7.121518902666073e-05,3.0870986109221054e-06,0.29080500000000103,RAPL,machine,1.5834295205099482e-05,5.538089382156124e-05,1.4148223914962728,5.293655585730448
10,q,eil51.tsp,R2,20261005T103654+0000,51,10000,51,0.75,0.15,0.01,468.0,216,426,6.666790853021666,2.062086390114573e-05,4.125733383916405e-05,2.9652258159411566e-05,7.09095919985758e-05,3.093071967571849e-06,0.2908049999999985,RAPL,machine,1.3813660019980098e-06,6.952822599657779e-05,0.14689263608306646,6.5198982169386
10,q,eil51.tsp,R3,20261005T103654+0000,51,10000,51,0.75,0.15,0.01,477.0,4019,426,6.684183273056988,1.7433233507613765e-05,3.0238729190987246e-05,2.9709461203310676e-05,5.994819039429793e-05,2.6081321824140735e-06,0.29080499999999926,RAPL,machine,2.3239982740645865e-05,3.6708207653652074e-05,2.710131549159996,3.9740517238969915
11,q,eil51.tsp,R1,20261005T103654+0000,52,10000,51,0.75,0.15,0.01,498.0,9304,426,6.69315308574005,2.1886840810983162e-05,4.551058113065956e-05,2.975236417971449e-05,7.52629453103738e-05,3.270034396436216e-06,0.2908049999999988,RAPL,machine,7.00774809903195e-05,5.185464320054301e-06,6.227200347784674,0.4659527379553765
11,q,eil51.tsp,R2,20261005T103654+0000,52,10000,51,0.75,0.15,0.01,469.0,116,426,6.666835666488623,1.871348922029059e-05,3.4685132470308605e-05,2.9665512189482553e-05,6.435064465979109e-05,2.806952226879601e-06,0.29080500000000065,RAPL,machine,7.378930810277955e-07,6.36127515787633e-05,0.08167982805753127,6.585155838431092
11,q,eil51.tsp,R3,20261005T103654+0000,52,10000,51,0.75,0.15,0.01,474.0,8324,426,6.682308839488542,1.4906672137976193e-05,2.1318693999326094e-05,2.9941332953361076e-05,5.1260026952687356e-05,2.2307667149244086e-06,0.2908049999999989,RAPL,machine,4.268313350337343e-05,8.57689344931393e-06,5.56522153984406,1.1170872996444814
12,q,eil51.tsp,R1,20261005T103654+0000,53,10000,51,0.75,0.15,0.01,487.0,6845,426,6.582389502698788,1.764892054438621e-05,3.1689820351902404e-05,2.9000059617101268e-05,6.068987996900381e-05,2.6812330897693197e-06,0.2908050000000009,RAPL,machine,4.020408479605872e-05,2.0485795172945086e-05,4.508507117250701,2.073882385448087
12,q,eil51.tsp,R2,20261005T103654+0000,53,10000,51,0.75,0.15,0.01,473.0,5062,426,6.704497837781673,1.5261836624006206e-05,2.2678018975708092e-05,2.9803322899452872e-05,5.248134187516087e-05,2.276357900811243e-06,0.2908050000000009,RAPL,machine,2.6616580142789976e-05,2.5864761732370897e-05,3.3896212874969933,3.31487655028468
12,q,eil51.tsp,R3,20261005T103654+0000,53,10000,51,0.75,0.15,0.01,473.0,5062,426,6.674626460910076,1.6095686986473155e-05,2.5684551658661237e-05,2.9664176824250445e-05,5.5348728482911655e-05,2.41147382265322e-06,0.2908050000000006,RAPL,machine,2.892437775693875e-05,2.6424350725972905e-05,3.371197874977952,3.3034285859321244
13,q,eil51.tsp,R1,20261005T103654+0000,54,10000,51,0.75,0.15,0.01,480.0,3517,426,6.691304860782111,1.459994185880716e-05,2.029847734989071e-05,2.9906786860859376e-05,5.020526421074995e-05,2.1819274659532774e-06,0.2908050000000004,RAPL,machine,1.745486641571718e-05,3.275039779503277e-05,2.3591846929921303,4.332120167789981
13,q,eil51.tsp,R2,20261005T103654+0000,54,10000,51,0.75,0.15,0.01,468.0,159,426,6.63502271217294,1.2529805142015433e-05,1.3515891646054268e-05,2.9570730461596683e-05,4.308662210765085e-05,1.8884344011404262e-06,0.29080500000000065,RAPL,machine,1.0300604606444708e-06,4.205656164700638e-05,0.11076192394830287,6.5242607882246375
13,q,eil51.tsp,R3,20261005T103654+0000,54,10000,51,0.75,0.15,0.01,473.0,77,426,6.681039481103653,1.8051698859312665e-05,3.2300526951554304e-05,2.9774399061797255e-05,6.20749260133513e-05,2.7019296788125958e-06,0.29080500000000065,RAPL,machine,6.800334726694512e-07,6.139489254068185e-05,0.05484480719314888,6.626194673910504
14,q,eil51.tsp,R1,20261005T103654+0000,55,10000,51,0.75,0.15,0.01,504.0,1144,426,6.705831880826736,2.0499233883688446e-05,4.072767008214337e-05,2.9763669075327714e-05,7.04913391574714e-05,3.0569263065332282e-06,0.29080499999999965,RAPL,machine,8.053039736346069e-06,6.243829942112532e-05,0.7633357608865481,5.942496119940188
14,q,eil51.tsp,R2,20261005T103654+0000,55,10000,51,0.75,0.15,0.01,463.0,6771,426,6.675093652214855,2.057959837395199e-05,4.1123873176923675e-05,2.964381779796286e-05,7.076769097488675e-05,3.083042642723597e-06,0.2908050000000007,RAPL,machine,4.850559186057166e-05,2.226209911431508e-05,4.52272543250001,2.1523682197148446
14,q,eil51.tsp,R3,20261005T103654+0000,55,10000,51,0.75,0.15,0.01,463.0,6771,426,6.707298977096798,1.6407034001453302e-05,2.6558587357960323e-05,2.986077957676678e-05,5.6419366934727025e-05,2.4461462143670476e-06,0.29080500000000015,RAPL,machine,3.795696476590753e-05,1.8462402168819494e-05,4.55058060635929,2.156718370737508
15,q,eil51.tsp,R1,20261005T103654+0000,56,10000,51,0.75,0.15,0.01,493.0,2725,426,6.708357026451267,1.5473565225372517e-05,2.3355168684121436e-05,2.9854250773496592e-05,5.320941945761776e-05,2.306610271987575e-06,0.2908049999999997,RAPL,machine,1.478097758633324e-05,3.842844187128452e-05,1.8356322344916407,4.872724791959627
15,q,eil51.tsp,R2,20261005T103654+0000,56,10000,51,0.75,0.15,0.01,468.0,6707,426,6.6770848566666245,1.469998168980639e-05,2.0800252751276144e-05,2.9749021469615452e-05,5.0549274220891566e-05,2.2015568178872905e-06,0.29080500000000037,RAPL,machine,3.3208758878738615e-05,1.734051534215295e-05,4.474735799827613,2.2023490568390116
15,q,eil51.tsp,R3,20261005T103654+0000,56,10000,51,0.75,0.15,0.01,468.0,6707,426,6.615247401816305,1.713984487505004e-05,2.965725067021613e-05,2.928205530818852e-05,5.893930597840465e-05,2.5909605240680894e-06,0.2908050000000013,RAPL,machine,3.871339825283094e-05,2.0225907725573706e-05,4.449878452171106,2.165368949645199
16,q,eil51.tsp,R1,20261005T103654+0000,57,10000,51,0.75,0.15,0.01,486.0,5509,426,6.702229588816408,1.514311511181755e-05,2.2172844960456628e-05,2.9900245639146202e-05,5.207309059960304e-05,2.2594145591619124e-06,0.29080499999999976,RAPL,machine,2.8878822130199364e-05,2.3194268469403682e-05,3.691008354508085,3.011221234308323
16,q,eil51.tsp,R2,20261005T103654+0000,57,10000,51,0.75,0.15,0.01,471.0,4534,426,6.622127725393511,1.9107324755499387e-05,3.634647379935352e-05,2.9358465096124132e-05,6.570493889547773e-05,2.8853754484724862e-06,0.2908049999999998,RAPL,machine,2.6751570663526716e-05,3.8953368231951005e-05,3.0284992166562006,3.5936285087373108
16,q,eil51.tsp,R3,20261005T103654+0000,57,10000,51,0.75,0.15,0.01,471.0,4534,426,6.730300908588106,2.102007476924268e-05,4.2333486922445374e-05,2.994888363254083e-05,7.228237055498585e-05,3.1231998471896418e-06,0.29080500000000026,RAPL,machine,3.3730689233146526e-05,3.855168132183932e-05,3.0572065415908583,3.6730943669972476
17,q,eil51.tsp,R1,20261005T103654+0000,58,10000,51,0.75,0.15,0.01,480.0,6890,426,6.703070124727674,1.4535476722757985e-05,2.0108676920115032e-05,2.987490906622661e-05,4.9983585986341325e-05,2.168480480181239e-06,0.2908049999999999,RAPL,machine,3.514619934859513e-05,1.4837386637746193e-05,4.619387641665526,2.083682483062148
17,q,eil51.tsp,R2,20261005T103654+0000,58,10000,51,0.75,0.15,0.01,464.0,8453,426,6.660403821966611,1.8184951906521784e-05,3.293247634597596e-05,2.9600670974468818e-05,6.25331473204444e-05,2.7303077099538885e-06,0.2908049999999992,RAPL,machine,5.2227661441157515e-05,1.0305485879286888e-05,5.6298978110426106,1.0305060109240003
17,q,eil51.tsp,R3,20261005T103654+0000,58,10000,51,0.75,0.15,0.01,464.0,8453,426,6.710052715527127,1.952416267411462e-05,3.728427566075665e-05,2.9854056465976317e-05,6.713833212673308e-05,2.909688418532916e-06,0.29080500000000015,RAPL,machine,5.656989281155231e-05,1.0568439315180762e-05,5.672347813699162,1.037704901827965
18,q,eil51.tsp,R1,20261005T103654+0000,59,10000,51,0.75,0.15,0.01,489.0,6927,426,6.688185630948283,2.0265043350483695e-05,3.9871756897520705e-05,2.981426414917227e-05,6.968602104669314e-05,3.0299762100966715e-06,0.29080500000000137,RAPL,machine,4.74383594355698e-05,2.2247661611123342e-05,4.625509484234499,2.062676146713784
18,q,eil51.tsp,R2,20261005T103654+0000,59,10000,51,0.75,0.15,0.01,469.0,247,426,6.665786204015603,1.9773211828205484e-05,3.831502315186641e-05,2.9679721877295724e-05,6.799474502916217e-05,2.966373541397668e-06,0.2908049999999997,RAPL,machine,1.923106672232597e-06,6.607163835692957e-05,0.16904205319588073,6.496744150819723
18,q,eil51.tsp,R3,20261005T103654+0000,59,10000,51,0.75,0.15,0.01,469.0,247,426,6.733538549451623,2.0421672867018163e-05,4.022292606720851e-05,3.000170166277614e-05,7.022462772998468e-05,3.0328292794404953e-06,0.29080499999999954,RAPL,machine,1.9440909047182176e-06,6.828053682526645e-05,0.1723109617305454,6.561227587721078
19,q,eil51.tsp,R1,20261005T103654+0000,60,10000,51,0.75,0.15,0.01,516.0,7374,426,6.65286094538169,2.0440169529423398e-05,4.08406857279886e-05,2.944754703769113e-05,7.028823276567941e-05,3.0723879090863365e-06,0.2908049999999999,RAPL,machine,5.294588201816088e-05,1.734235074751853e-05,4.93359447925468,1.71926646612701
19,q,eil51.tsp,R2,20261005T103654+0000,60,10000,51,0.75,0.15,0.01,468.0,190,426,6.677765350381378,2.0387606088825388e-05,4.046866043054542e-05,2.96388208329315e-05,7.010748126347696e-05,3.053058174267986e-06,0.2908049999999996,RAPL,machine,1.4818477744789148e-06,6.862563348899805e-05,0.13030282527324744,6.547462525108131
19,q,eil51.tsp,R3,20261005T103654+0000,60,10000,51,0.75,0.15,0.01,471.0,9562,426,6.666025359678315,2.0819758900552248e-05,4.2062322816456554e-05,2.953121546710866e-05,7.15935382835651e-05,3.123264280764296e-06,0.29080500000000137,RAPL,machine,6.845963522419939e-05,3.1339030593657157e-06,6.3697247998497915,0.29630055982852355
20,q,eil51.tsp,R1,20261005T103654+0000,61,10000,51,0.75,0.15,0.01,491.0,7651,426,6.7413739461044315,2.0304427657481992e-05,3.985754577484624e-05,2.9963907286421357e-05,6.982145306126775e-05,3.0119123816318042e-06,0.29080500000000037,RAPL,machine,5.337115867395581e-05,1.645029438731194e-05,5.1495821515563875,1.591791794548044
20,q,eil51.tsp,R2,20261005T103654+0000,61,10000,51,0.75,0.15,0.01,469.0,112,426,6.676819920918206,1.8008988830939162e-05,3.219112797511747e-05,2.9736929764395372e-05,6.19280577395132e-05,2.697240459416575e-06,0.2908050000000004,RAPL,machine,7.690104980211907e-07,6.115904724149201e-05,0.07833740187925287,6.598482519038953
20,q,eil51.tsp,R3,20261005T103654+0000,61,10000,51,0.75,0.15,0.01,473.0,172,426,6.723818941769423,2.043730145590854e-05,4.031457975179481e-05,2.996379048224002e-05,7.027837023403491e-05,3.039537743788549e-06,0.29080500000000026,RAPL,machine,1.1898549853922155e-06,6.908851524864269e-05,0.11982824609731324,6.60399069567211
